Daily Returns,Daily Price,Trading Volume
0.0009525811007409235,9.157201766967773,0.0
0.0009527160008588886,9.165925979614258,0.0
0.0009517051514018604,9.174649238586426,0.0
-0.0009508002698871421,9.165925979614258,0.0
0.0019030981659882151,9.183369636535645,0.0
0.0009497935554232395,9.192091941833496,0.0
0.0,9.192091941833496,0.0
0.0009483735564692619,9.200809478759766,0.0
0.0028440834068219623,9.226977348327637,0.0
-0.0028360175364052775,9.200809478759766,0.0
0.0,9.200809478759766,0.0
0.0,9.200809478759766,0.0
-0.0009474749962374851,9.192091941833496,0.0
0.0009483735564692619,9.200809478759766,0.0
-0.0009474749962374851,9.192091941833496,0.0
0.0009483735564692619,9.200809478759766,0.0
0.000948822460951515,9.209539413452148,0.0
0.0,9.209539413452148,0.0
0.002938105823171888,9.236598014831543,0.0
-0.0009459721071419791,9.227860450744629,0.0
-0.0009456276502765038,9.219134330749512,0.0
0.0,9.219134330749512,0.0
-0.0009467295985305935,9.210406303405762,0.0
-0.0037911282380654887,9.175488471984863,0.0
0.0,9.175488471984863,0.0
0.0,9.175488471984863,0.0
-0.0009519605512703366,9.166753768920898,0.0
0.0009528676436776351,9.175488471984863,0.0
0.0,9.175488471984863,0.0
-0.0009519605512703366,9.166753768920898,0.0
0.0009528676436776351,9.175488471984863,0.0
0.0,9.175488471984863,0.0
-0.0009519605512703366,9.166753768920898,0.0
0.0009528676436776351,9.175488471984863,0.0
0.0019024659821433865,9.192944526672363,0.0
0.0,9.192944526672363,0.0
-0.0018988534779964539,9.175488471984863,0.0
0.0019042329140541714,9.192960739135742,0.0
-0.0009503587212555953,9.184224128723145,0.0
-0.0009513666004281607,9.17548656463623,0.0
0.0,9.17548656463623,0.0
0.0009522725607369331,9.184224128723145,0.0
-0.0028543074779054933,9.15800952911377,0.0
0.0009537774596322102,9.166744232177734,0.0
0.000953700925548695,9.17548656463623,0.0
0.0,9.17548656463623,0.0
0.0009522725607369331,9.184224128723145,0.0
-0.0009513666004281607,9.17548656463623,0.0
0.0009522725607369331,9.184224128723145,0.0
-0.0009513666004281607,9.17548656463623,0.0
0.003809194180140807,9.210437774658203,0.0
-0.0018975249548449646,9.192960739135742,0.0
0.0019011324010183017,9.210437774658203,0.0
0.0,9.210437774658203,0.0
0.0009485553918660017,9.2191743850708,0.0
-0.0009476564871954141,9.210437774658203,0.0
-0.0009490731057573143,9.201696395874023,0.0
0.000949974701197398,9.210437774658203,0.0
0.0,9.210437774658203,0.0
0.0023756855049636982,9.232318878173828,0.0
0.000947546831931545,9.241066932678223,0.0
-0.0009466498368775333,9.232318878173828,0.0
0.0018960233402487425,9.249823570251465,0.0
-0.0009466815779497484,9.241066932678223,0.0
0.0,9.241066932678223,0.0
-0.0009466498368775333,9.232318878173828,0.0
0.0,9.232318878173828,0.0
0.0,9.232318878173828,0.0
0.000947546831931545,9.241066932678223,0.0
0.0,9.241066932678223,0.0
0.0009475786331853975,9.249823570251465,0.0
0.0,9.249823570251465,0.0
-0.0009466815779497484,9.241066932678223,0.0
0.0,9.241066932678223,0.0
-0.0009466498368775333,9.232318878173828,0.0
0.000947546831931545,9.241066932678223,0.0
0.0009475786331853975,9.249823570251465,0.0
-0.0009466815779497484,9.241066932678223,0.0
-0.0009466498368775333,9.232318878173828,0.0
0.0,9.232318878173828,0.0
9.482699135654471e-05,9.233194351196289,0.0
-0.0009487997259987058,9.224433898925781,0.0
0.0,9.224433898925781,0.0
-0.0009498041875333207,9.215672492980957,0.0
0.0,9.215672492980957,0.0
0.0,9.215672492980957,0.0
0.0019013108624115205,9.233194351196289,0.0
-0.0018977027395791213,9.215672492980957,0.0
0.0,9.215672492980957,0.0
0.0009507071731875705,9.224433898925781,0.0
0.000949700801859299,9.233194351196289,0.0
0.000948696438416885,9.24195384979248,0.0
-0.001895697722737788,9.224433898925781,0.0
-0.0009498041875333207,9.215672492980957,0.0
0.0,9.215672492980957,0.0
0.0009507071731875705,9.224433898925781,0.0
-0.0009498041875333207,9.215672492980957,0.0
0.0009507071731875705,9.224433898925781,0.0
0.0,9.224433898925781,0.0
0.0,9.224433898925781,0.0
0.0020915955717848433,9.243727684020996,0.0
-0.001897397343643692,9.226188659667969,0.0
-0.0009511740311504147,9.217412948608398,0.0
-0.0009507345870600759,9.208649635314941,0.0
0.0009516393434982895,9.217412948608398,0.0
-0.0019022968895076042,9.199878692626953,0.0
0.0,9.199878692626953,0.0
-0.0009537905529435342,9.1911039352417,0.0
0.0,9.1911039352417,0.0
0.0009547011378696624,9.199878692626953,0.0
-0.0009537905529435342,9.1911039352417,0.0
0.0009547011378696624,9.199878692626953,0.0
0.000953375906469045,9.208649635314941,0.0
0.0009516393434982895,9.217412948608398,0.0
0.0,9.217412948608398,0.0
0.0009520796245647833,9.226188659667969,0.0
-0.001901004304160736,9.208649635314941,0.0
-0.0009524678465724357,9.199878692626953,0.0
0.000953375906469045,9.208649635314941,0.0
-0.0009524678465724357,9.199878692626953,0.0
0.0,9.199878692626953,0.0
0.0019059225199891117,9.217412948608398,0.0
0.0010475772874070088,9.227068901062012,0.0
-0.0019022699387707398,9.209516525268555,0.0
0.0019058954664230576,9.227068901062012,0.0
0.0019035102125695147,9.244632720947266,0.0
0.0,9.244632720947266,0.0
0.000949482653682221,9.253410339355469,0.0
-0.0018976792927148933,9.23585033416748,0.0
-0.0009507985499702665,9.227068901062012,0.0
-0.0009508765790106066,9.218295097351074,0.0
0.0009517816058479678,9.227068901062012,0.0
0.0,9.227068901062012,0.0
0.0,9.227068901062012,0.0
-0.0009508765790106066,9.218295097351074,0.0
-0.000952298878459823,9.209516525268555,0.0
0.0009532066160513608,9.218295097351074,0.0
-0.000952298878459823,9.209516525268555,0.0
0.0009532066160513608,9.218295097351074,0.0
0.0,9.218295097351074,0.0
0.0009517816058479678,9.227068901062012,0.0
0.0,9.227068901062012,0.0
-0.0009508765790106066,9.218295097351074,0.0
0.0,9.218295097351074,0.0
0.003051391137444126,9.246423721313477,0.0
0.0,9.246423721313477,0.0
-0.0019014853988076341,9.228841781616211,0.0
-0.0009526573031582997,9.220049858093262,0.0
0.0009535657245098861,9.228841781616211,0.0
0.0,9.228841781616211,0.0
-0.0009526573031582997,9.220049858093262,0.0
0.0019067177096880883,9.237629890441895,0.0
0.0,9.237629890441895,0.0
-0.000951338052066375,9.228841781616211,0.0
-0.0009526573031582997,9.220049858093262,0.0
0.0009535657245098861,9.228841781616211,0.0
0.0,9.228841781616211,0.0
0.0019051079337266685,9.246423721313477,0.0
-0.0009510521188113019,9.237629890441895,0.0
0.0019029858180945602,9.255208969116211,0.0
0.0009499432754340731,9.26400089263916,0.0
-0.0009490417396154083,9.255208969116211,0.0
-0.0018993713413685276,9.237629890441895,0.0
0.0,9.237629890441895,0.0
-0.000951338052066375,9.228841781616211,0.0
0.0011437261125237796,9.239397048950195,0.0
0.0009527043695378712,9.248199462890625,0.0
0.0,9.248199462890625,0.0
0.0,9.248199462890625,0.0
0.0009519007078155894,9.257002830505371,0.0
-0.001901887887206688,9.239397048950195,0.0
0.0,9.239397048950195,0.0
0.0,9.239397048950195,0.0
0.0009527043695378712,9.248199462890625,0.0
0.0,9.248199462890625,0.0
-0.0028543615634641917,9.2218017578125,0.0
0.0,9.2218017578125,0.0
0.003817157819842487,9.257002830505371,0.0
0.0009499652352489285,9.265796661376953,0.0
-0.0018991565571128133,9.248199462890625,0.0
0.0009519007078155894,9.257002830505371,0.0
0.0,9.257002830505371,0.0
0.0,9.257002830505371,0.0
0.0,9.257002830505371,0.0
0.0009499652352489285,9.265796661376953,0.0
0.0009497841268717444,9.27459716796875,0.0
0.0011397288670988992,9.285167694091797,0.0
0.0,9.285167694091797,0.0
0.0018974540796392603,9.302785873413086,0.0
-0.0009467252532580073,9.293978691101074,0.0
0.0,9.293978691101074,0.0
-0.0009480328395538029,9.285167694091797,0.0
0.0,9.285167694091797,0.0
-0.0009486243303858943,9.276359558105469,0.0
0.0009495250729723015,9.285167694091797,0.0
0.0009489324586871017,9.293978691101074,0.0
0.000947622391306302,9.302785873413086,0.0
-0.0009467252532580073,9.293978691101074,0.0
0.0,9.293978691101074,0.0
0.0,9.293978691101074,0.0
-0.0009480328395538029,9.285167694091797,0.0
0.0009489324586871017,9.293978691101074,0.0
0.0,9.293978691101074,0.0
-0.0009480328395538029,9.285167694091797,0.0
0.0,9.285167694091797,0.0
0.0009489324586871017,9.293978691101074,0.0
-0.0028435854583521714,9.267550468444824,0.0
-0.000950839244263868,9.25873851776123,0.0
0.0011432260688093443,9.269323348999023,0.0
-0.0009511718086874232,9.260506629943848,0.0
0.0,9.260506629943848,0.0
-0.0009524893296788406,9.251686096191406,0.0
-0.0009530881871491204,9.242868423461914,0.0
-0.001908717117990899,9.225226402282715,0.0
0.0,9.225226402282715,0.0
0.0009564420850645128,9.234049797058105,0.0
0.0,9.234049797058105,0.0
0.0,9.234049797058105,0.0
0.0009550117876360176,9.242868423461914,0.0
0.0,9.242868423461914,0.0
0.0,9.242868423461914,0.0
0.0,9.242868423461914,0.0
0.0,9.242868423461914,0.0
-0.0009541006103066518,9.234049797058105,0.0
0.0,9.234049797058105,0.0
0.0,9.234049797058105,0.0
0.0,9.234049797058105,0.0
0.0009550117876360176,9.242868423461914,0.0
0.001050676599410938,9.252579689025879,0.0
0.0009540268518979378,9.261406898498535,0.0
-0.0009531175521602098,9.252579689025879,0.0
-0.0019087752020633397,9.234918594360352,0.0
0.0,9.234918594360352,0.0
0.0009566775036418118,9.243753433227539,0.0
0.0,9.243753433227539,0.0
0.0,9.243753433227539,0.0
-0.0009557631465406669,9.234918594360352,0.0
0.002868276949875792,9.261406898498535,0.0
-0.002860073467075286,9.234918594360352,0.0
-0.0009557480889684777,9.226092338562012,0.0
-0.0009573859868751144,9.217259407043457,0.0
0.0,9.217259407043457,0.0
0.0019158826433158804,9.234918594360352,0.0
0.0,9.234918594360352,0.0
-0.0012434535644808564,9.223435401916504,0.0
0.0,9.223435401916504,0.0
0.0,9.223435401916504,0.0
0.0,9.223435401916504,0.0
-0.0019154269468569796,9.205768585205078,0.0
0.0009593960311398142,9.214600563049316,0.0
0.0011520139959713127,9.225215911865234,0.0
0.0009586140877917426,9.23405933380127,0.0
0.0,9.23405933380127,0.0
0.00191559860959023,9.251748085021973,0.0
0.0009562772950577614,9.260595321655273,0.0
0.0,9.260595321655273,0.0
0.0,9.260595321655273,0.0
0.0,9.260595321655273,0.0
0.0009550547565413403,9.269439697265625,0.0
0.0,9.269439697265625,0.0
0.000954143497255977,9.278284072875977,0.0
0.0,9.278284072875977,0.0
0.0009534395465262691,9.287130355834961,0.0
-0.0009525313654531464,9.278284072875977,0.0
-0.0009532339752570396,9.269439697265625,0.0
0.000954143497255977,9.278284072875977,0.0
0.0,9.278284072875977,0.0
0.0,9.278284072875977,0.0
0.0009534395465262691,9.287130355834961,0.0
0.002097602221012407,9.306611061096191,0.0
-0.0009517671892197432,9.29775333404541,0.0
0.0019047324035599278,9.315463066101074,0.0
0.0,9.315463066101074,0.0
0.0009508627738554765,9.324320793151855,0.0
0.0,9.324320793151855,0.0
0.0009491412675066702,9.333170890808105,0.0
0.0,9.333170890808105,0.0
0.0,9.333170890808105,0.0
0.0,9.333170890808105,0.0
-0.0009482412526021777,9.324320793151855,0.0
-0.0009499594927371291,9.315463066101074,0.0
0.0,9.315463066101074,0.0
0.0009508627738554765,9.324320793151855,0.0
-0.0009499594927371291,9.315463066101074,0.0
0.0,9.315463066101074,0.0
0.0009508627738554765,9.324320793151855,0.0
0.0,9.324320793151855,0.0
0.0009491412675066702,9.333170890808105,0.0
-0.0018972999545600056,9.315463066101074,0.0
0.0011418952820396733,9.32610034942627,0.0
-0.0019003745222604396,9.308377265930176,0.0
0.0,9.308377265930176,0.0
0.0,9.308377265930176,0.0
-0.0009534307575779222,9.2995023727417,0.0
0.0,9.2995023727417,0.0
0.0009543406553118583,9.308377265930176,0.0
-0.0009534307575779222,9.2995023727417,0.0
-0.0009519819797184637,9.2906494140625,0.0
-0.00095463414313679,9.281780242919922,0.0
0.0009555463402985964,9.2906494140625,0.0
0.0,9.2906494140625,0.0
0.002861746803926035,9.31723690032959,0.0
0.0,9.31723690032959,0.0
0.0009512958821908946,9.32610034942627,0.0
-0.0009503917784055016,9.31723690032959,0.0
0.0,9.31723690032959,0.0
0.0009512958821908946,9.32610034942627,0.0
0.0,9.32610034942627,0.0
0.0,9.32610034942627,0.0
0.0019011925913616778,9.343831062316895,0.0
0.0009485883293016695,9.352694511413574,0.0
0.0021836418864014107,9.373117446899414,0.0
0.0,9.373117446899414,0.0
0.0,9.373117446899414,0.0
0.0009465401682833274,9.381989479064941,0.0
-0.0009456450772327152,9.373117446899414,0.0
0.0018933855736411598,9.390864372253418,0.0
0.0,9.390864372253418,0.0
0.0,9.390864372253418,0.0
-0.0018898074394982922,9.373117446899414,0.0
0.0,9.373117446899414,0.0
0.0,9.373117446899414,0.0
0.0009465401682833274,9.381989479064941,0.0
-0.0009456450772327152,9.373117446899414,0.0
0.0,9.373117446899414,0.0
-0.0009474558795070642,9.364236831665039,0.0
-0.0009481507190974847,9.355358123779297,0.0
0.0,9.355358123779297,0.0
0.0,9.355358123779297,0.0
-0.000948133112547378,9.346487998962402,0.0
0.0018989841643841654,9.364236831665039,0.0
0.0009483544034625258,9.373117446899414,0.0
0.0011374150855893994,9.38377857208252,0.0
-0.0009471924940076537,9.374890327453613,0.0
0.001895265498406129,9.392658233642578,0.0
0.0,9.392658233642578,0.0
0.0009461955000935607,9.401545524597168,0.0
-0.0009453010604839607,9.392658233642578,0.0
0.0009461955000935607,9.401545524597168,0.0
0.0,9.401545524597168,0.0
0.0,9.401545524597168,0.0
-0.0009453010604839607,9.392658233642578,0.0
0.0,9.392658233642578,0.0
-0.0009453832279613383,9.38377857208252,0.0
-0.0009471924940076537,9.374890327453613,0.0
-0.0018956724042080708,9.357118606567383,0.0
0.0,9.357118606567383,0.0
0.0,9.357118606567383,0.0
0.0,9.357118606567383,0.0
-0.000949891200766384,9.348230361938477,0.0
0.0,9.348230361938477,0.0
0.0019011806376647566,9.366003036499023,0.0
-0.0018975730086021603,9.348230361938477,0.0
0.0021889693572854085,9.368693351745605,0.0
0.0,9.368693351745605,0.0
0.0009496337817584966,9.37759017944336,0.0
0.0028465035905200775,9.40428352355957,0.0
-0.0009455328844452104,9.395391464233398,0.0
0.0009464277630180096,9.40428352355957,0.0
0.0,9.40428352355957,0.0
0.0,9.40428352355957,0.0
0.0009461413354647785,9.41318130493164,0.0
0.0009454496235019594,9.422080993652344,0.0
0.0,9.422080993652344,0.0
0.0009437468572135455,9.430973052978516,0.0
0.0,9.430973052978516,0.0
-0.0009428570388464452,9.422080993652344,0.0
-0.000944556592826884,9.41318130493164,0.0
0.0,9.41318130493164,0.0
0.0,9.41318130493164,0.0
-0.0009452469982075273,9.40428352355957,0.0
0.00283801837238129,9.430973052978516,0.0
0.0018875342650266358,9.448774337768555,0.0
0.0,9.448774337768555,0.0
-0.0009422918888410958,9.439870834350586,0.0
0.0021710531234171437,9.460365295410156,0.0
0.0,9.460365295410156,0.0
0.0018829804135358508,9.478178977966309,0.0
-0.000940173511516873,9.469267845153809,0.0
0.0,9.469267845153809,0.0
0.0,9.469267845153809,0.0
-0.0009401518564298161,9.460365295410156,0.0
-0.00188398848699467,9.44254207611084,0.0
0.0009434188079593397,9.45145034790039,0.0
-0.0009425296078002798,9.44254207611084,0.0
-0.0009427118245897148,9.433640480041504,0.0
0.0009436013687578182,9.44254207611084,0.0
0.0,9.44254207611084,0.0
-0.0009427118245897148,9.433640480041504,0.0
0.0009436013687578182,9.44254207611084,0.0
0.0,9.44254207611084,0.0
-0.0009427118245897148,9.433640480041504,0.0
0.0,9.433640480041504,0.0
0.0009436013687578182,9.44254207611084,0.0
0.0009434188079593397,9.45145034790039,0.0
0.0021711176074339367,9.471970558166504,0.0
-0.000942501375089444,9.463043212890625,0.0
0.0,9.463043212890625,0.0
0.0,9.463043212890625,0.0
0.0009433905219535799,9.471970558166504,0.0
-0.0028252890809086217,9.445209503173828,0.0
0.0,9.445209503173828,0.0
0.0009441620675241236,9.454127311706543,0.0
0.0009430697186658676,9.463043212890625,0.0
-0.0018845639098956646,9.445209503173828,0.0
0.0009441620675241236,9.454127311706543,0.0
0.0,9.454127311706543,0.0
-0.0009432714663861752,9.445209503173828,0.0
0.0009441620675241236,9.454127311706543,0.0
0.0,9.454127311706543,0.0
-0.0009432714663861752,9.445209503173828,0.0
0.0009441620675241236,9.454127311706543,0.0
0.0,9.454127311706543,0.0
0.0,9.454127311706543,0.0
-0.0009432714663861752,9.445209503173828,0.0
-0.0018886270423524865,9.42737102508545,0.0
0.0009459486116527582,9.436288833618164,0.0
0.0,9.436288833618164,0.0
0.00122995561446948,9.447895050048828,0.0
0.0,9.447895050048828,0.0
0.0,9.447895050048828,0.0
0.0018911184156071847,9.4657621383667,0.0
0.0,9.4657621383667,0.0
-0.0018875488372407379,9.447895050048828,0.0
-0.0009444993335914198,9.438971519470215,0.0
0.0009453922559472527,9.447895050048828,0.0
-0.0009444993335914198,9.438971519470215,0.0
0.0009453922559472527,9.447895050048828,0.0
0.0,9.447895050048828,0.0
0.0,9.447895050048828,0.0
-0.0009444993335914198,9.438971519470215,0.0
0.0009453922559472527,9.447895050048828,0.0
0.0,9.447895050048828,0.0
0.0,9.447895050048828,0.0
0.0,9.447895050048828,0.0
0.0009453068568006096,9.456826210021973,0.0
0.0,9.456826210021973,0.0
0.0,9.456826210021973,0.0
0.0,9.456826210021973,0.0
0.0012290997328512354,9.468449592590332,0.0
-0.0009444633968310745,9.45950698852539,0.0
-0.0009444489027737868,9.450572967529297,0.0
-0.000946048112323683,9.441632270812988,0.0
-0.0009470449742324805,9.432690620422363,0.0
0.0009479427186200873,9.441632270812988,0.0
-0.0009470449742324805,9.432690620422363,0.0
0.0,9.432690620422363,0.0
0.0,9.432690620422363,0.0
0.0009479427186200873,9.441632270812988,0.0
-0.0009470449742324805,9.432690620422363,0.0
0.0009479427186200873,9.441632270812988,0.0
0.0009469439668761126,9.450572967529297,0.0
0.0,9.450572967529297,0.0
-0.000946048112323683,9.441632270812988,0.0
0.0,9.441632270812988,0.0
0.0,9.441632270812988,0.0
0.0,9.441632270812988,0.0
-0.0009470449742324805,9.432690620422363,0.0
-0.000948246027936972,9.423746109008789,0.0
0.0009491460519106543,9.432690620422363,0.0
0.0012332556827781005,9.444323539733887,0.0
0.0009486936957359138,9.453283309936523,0.0
0.0,9.453283309936523,0.0
0.0,9.453283309936523,0.0
0.0009460795203140027,9.462226867675781,0.0
-0.000945185299858986,9.453283309936523,0.0
-0.0018945802294197955,9.435373306274414,0.0
-0.00284605182325004,9.408519744873047,0.0
-0.0009515943767137713,9.399566650390625,0.0
-0.0009523993116994367,9.39061450958252,0.0
-0.0009537134653150314,9.381658554077148,0.0
-0.0009536073723679372,9.372712135314941,0.0
0.0,9.372712135314941,0.0
-0.0009554333582180163,9.363757133483887,0.0
-0.000956143389324593,9.354804039001465,0.0
0.0,9.354804039001465,0.0
0.0,9.354804039001465,0.0
-0.0009565487500895475,9.345855712890625,0.0
-0.0009581789090433723,9.33690071105957,0.0
0.0019174808103814556,9.354804039001465,0.0
0.0,9.354804039001465,0.0
0.0002874845438829432,9.35749340057373,0.0
-0.0009570891607384446,9.34853744506836,0.0
0.0009580060579523764,9.35749340057373,0.0
0.0,9.35749340057373,0.0
0.0,9.35749340057373,0.0
0.0009584140632077354,9.366461753845215,0.0
0.0,9.366461753845215,0.0
-0.001913669136533569,9.34853744506836,0.0
0.0,9.34853744506836,0.0
0.0,9.34853744506836,0.0
-0.0038355946941704966,9.3126802444458,0.0
-0.000962513977138646,9.303716659545898,0.0
0.0009634413028587474,9.3126802444458,0.0
0.0009623091651422833,9.32164192199707,0.0
0.0,9.32164192199707,0.0
0.00019233818782637968,9.323434829711914,0.0
0.0,9.323434829711914,0.0
0.0,9.323434829711914,0.0
0.0,9.323434829711914,0.0
0.0009614037169367595,9.332398414611816,0.0
0.0009608890661083613,9.341365814208984,0.0
0.00230645181708633,9.362911224365234,0.0
-0.0009589799020628398,9.35393238067627,0.0
0.0009599004272806688,9.362911224365234,0.0
0.0009585724756573377,9.371886253356934,0.0
-0.000957654494417759,9.362911224365234,0.0
0.0009585724756573377,9.371886253356934,0.0
0.0,9.371886253356934,0.0
0.0,9.371886253356934,0.0
0.0,9.371886253356934,0.0
0.0,9.371886253356934,0.0
0.0009580615306494789,9.380865097045898,0.0
-0.0019138824079580896,9.362911224365234,0.0
-0.0009589799020628398,9.35393238067627,0.0
0.0009599004272806688,9.362911224365234,0.0
0.0019175523777201775,9.380865097045898,0.0
-0.0019138824079580896,9.362911224365234,0.0
-0.0009589799020628398,9.35393238067627,0.0
0.0009599004272806688,9.362911224365234,0.0
0.0,9.362911224365234,0.0
0.0,9.362911224365234,0.0
0.002304200036586934,9.384485244750977,0.0
-0.0009575882799243152,9.37549877166748,0.0
0.000958506134164594,9.384485244750977,0.0
0.0,9.384485244750977,0.0
0.0019151765598486303,9.402458190917969,0.0
0.0,9.402458190917969,0.0
0.0009565692604425191,9.411452293395996,0.0
-0.001910600901463111,9.393470764160156,0.0
0.0,9.393470764160156,0.0
-0.0009565707537476653,9.384485244750977,0.0
-0.0009575882799243152,9.37549877166748,0.0
-0.0009591164532567475,9.366506576538086,0.0
0.0019194635765189538,9.384485244750977,0.0
0.000957486657481299,9.393470764160156,0.0
-0.0009565707537476653,9.384485244750977,0.0
0.000957486657481299,9.393470764160156,0.0
0.0009567738042155494,9.402458190917969,0.0
0.0009565692604425191,9.411452293395996,0.0
-0.0009556551101405075,9.402458190917969,0.0
0.0002875489188161051,9.40516185760498,0.0
-0.0019141095436060462,9.38715934753418,0.0
-0.0009586362089372136,9.37816047668457,0.0
0.0,9.37816047668457,0.0
0.0,9.37816047668457,0.0
-0.0009597594560916134,9.369159698486328,0.0
-0.0009603761132117583,9.360161781311035,0.0
-0.0009620125277628455,9.351157188415527,0.0
0.0009629388870355804,9.360161781311035,0.0
-0.0009620125277628455,9.351157188415527,0.0
0.0,9.351157188415527,0.0
0.002887694830164378,9.37816047668457,0.0
-0.0009597594560916134,9.369159698486328,0.0
0.0009606814792255669,9.37816047668457,0.0
0.0009595560741344489,9.38715934753418,0.0
0.0009585346154432628,9.396157264709473,0.0
0.0,9.396157264709473,0.0
0.0,9.396157264709473,0.0
0.0,9.396157264709473,0.0
0.0,9.396157264709473,0.0
-0.0009576167066815966,9.38715934753418,0.0
0.0009585346154432628,9.396157264709473,0.0
0.0,9.396157264709473,0.0
0.0,9.396157264709473,0.0
0.001915740894394613,9.41415786743164,0.0
-0.000955583064713883,9.40516185760498,0.0
0.0009564970771220871,9.41415786743164,0.0
0.0,9.41415786743164,0.0
-0.00191207784866676,9.396157264709473,0.0
0.0009583271801258952,9.40516185760498,0.0
0.0009564970771220871,9.41415786743164,0.0
0.000956494783952877,9.423162460327148,0.0
0.0009546699279074922,9.432158470153809,0.0
0.0,9.432158470153809,0.0
0.000954062728916627,9.441157341003418,0.0
0.0,9.441157341003418,0.0
-0.0009531533608201359,9.432158470153809,0.0
0.0,9.432158470153809,0.0
-0.0009537594024874307,9.423162460327148,0.0
-0.0009555807759250579,9.41415786743164,0.0
0.000956494783952877,9.423162460327148,0.0
0.0,9.423162460327148,0.0
0.00133884538071527,9.435778617858887,0.0
-0.0009552127417759015,9.426765441894531,0.0
0.0009561260455572818,9.435778617858887,0.0
-0.0009552127417759015,9.426765441894531,0.0
-0.0009558225455957858,9.417755126953125,0.0
0.0,9.417755126953125,0.0
0.0,9.417755126953125,0.0
-0.0009573445970687544,9.40873908996582,0.0
0.0,9.40873908996582,0.0
0.0009582619840016182,9.417755126953125,0.0
0.0019137778231437252,9.435778617858887,0.0
-0.0009552127417759015,9.426765441894531,0.0
0.0,9.426765441894531,0.0
0.0028679734700567394,9.453801155090332,0.0
-0.0009532908659906081,9.444788932800293,0.0
0.0,9.444788932800293,0.0
0.0,9.444788932800293,0.0
-0.0009539985494132486,9.435778617858887,0.0
0.0009549095317213929,9.444788932800293,0.0
0.0,9.444788932800293,0.0
0.0,9.444788932800293,0.0
0.0,9.444788932800293,0.0
0.0013376982200070664,9.457423210144043,0.0
0.0,9.457423210144043,0.0
0.0009539341565603099,9.466444969177246,0.0
-0.000953025033428867,9.457423210144043,0.0
0.0009539341565603099,9.466444969177246,0.0
-0.000953025033428867,9.457423210144043,0.0
0.0,9.457423210144043,0.0
-0.000953833317854591,9.448402404785156,0.0
0.0,9.448402404785156,0.0
0.0,9.448402404785156,0.0
0.0009547439844770356,9.457423210144043,0.0
-0.000953833317854591,9.448402404785156,0.0
0.0009547439844770356,9.457423210144043,0.0
-0.000953833317854591,9.448402404785156,0.0
0.0,9.448402404785156,0.0
0.0,9.448402404785156,0.0
0.0009547439844770356,9.457423210144043,0.0
0.0,9.457423210144043,0.0
0.0,9.457423210144043,0.0
-0.000953833317854591,9.448402404785156,0.0
0.0,9.448402404785156,0.0
0.0,9.448402404785156,0.0
0.00038224077272586143,9.452013969421387,0.0
-0.0009558926280539559,9.442978858947754,0.0
0.0,9.442978858947754,0.0
0.0,9.442978858947754,0.0
0.0,9.442978858947754,0.0
0.0,9.442978858947754,0.0
0.0009568072330343735,9.452013969421387,0.0
0.0009560944208824029,9.461050987243652,0.0
-0.0009551811774876073,9.452013969421387,0.0
0.0009560944208824029,9.461050987243652,0.0
0.0,9.461050987243652,0.0
0.0009548787773681067,9.470085144042969,0.0
0.0,9.470085144042969,0.0
0.0,9.470085144042969,0.0
0.0,9.470085144042969,0.0
0.0,9.470085144042969,0.0
-0.0019082378190601323,9.452013969421387,0.0
0.0019118861525220243,9.470085144042969,0.0
0.0,9.470085144042969,0.0
0.0,9.470085144042969,0.0
0.0014334190256215518,9.483659744262695,0.0
0.0009544124505824758,9.492711067199707,0.0
-0.0009535024160048922,9.483659744262695,0.0
0.0009544124505824758,9.492711067199707,0.0
-0.0009535024160048922,9.483659744262695,0.0
0.0,9.483659744262695,0.0
0.0,9.483659744262695,0.0
0.0,9.483659744262695,0.0
0.0009544124505824758,9.492711067199707,0.0
0.0009538038075598276,9.501765251159668,0.0
-0.0009528949327448633,9.492711067199707,0.0
-0.0009535024160048922,9.483659744262695,0.0
0.0009544124505824758,9.492711067199707,0.0
0.0009538038075598276,9.501765251159668,0.0
-0.0009528949327448633,9.492711067199707,0.0
0.0009538038075598276,9.501765251159668,0.0
-0.0009528949327448633,9.492711067199707,0.0
0.0009538038075598276,9.501765251159668,0.0
-0.0009528949327448633,9.492711067199707,0.0
0.0,9.492711067199707,0.0
0.0009538038075598276,9.501765251159668,0.0
0.0,9.501765251159668,0.0
0.0,9.501765251159668,0.0
0.0014305468165591861,9.515357971191406,0.0
-0.0009528366408835254,9.506291389465332,0.0
0.0019069892072376415,9.524419784545898,0.0
0.0,9.524419784545898,0.0
0.0009514294371186782,9.53348159790039,0.0
0.0,9.53348159790039,0.0
-0.001901050159154427,9.515357971191406,0.0
-0.0009528366408835254,9.506291389465332,0.0
0.0,9.506291389465332,0.0
-0.0009532438027867185,9.49722957611084,0.0
0.0,9.49722957611084,0.0
0.0,9.49722957611084,0.0
-0.000954655423817452,9.488162994384766,0.0
-0.0009544620295787176,9.479106903076172,0.0
0.0,9.479106903076172,0.0
0.0,9.479106903076172,0.0
0.0009553738976879611,9.488162994384766,0.0
0.0,9.488162994384766,0.0
-0.0009544620295787176,9.479106903076172,0.0
0.0,9.479106903076172,0.0
0.0014356766554348699,9.492715835571289,0.0
-0.0009556116768674183,9.483644485473633,0.0
0.0009565257440375952,9.492715835571289,0.0
0.0,9.492715835571289,0.0
-0.0009556116768674183,9.483644485473633,0.0
0.0,9.483644485473633,0.0
0.0,9.483644485473633,0.0
0.0,9.483644485473633,0.0
0.0,9.483644485473633,0.0
0.0,9.483644485473633,0.0
0.0009565257440375952,9.492715835571289,0.0
-0.0009556116768674183,9.483644485473633,0.0
0.0,9.483644485473633,0.0
-0.000957430783114277,9.474564552307129,0.0
0.0009583483353114985,9.483644485473633,0.0
-0.000957430783114277,9.474564552307129,0.0
0.0,9.474564552307129,0.0
-0.0009571404600856592,9.465496063232422,0.0
0.0,9.465496063232422,0.0
0.0,9.465496063232422,0.0
0.0,9.465496063232422,0.0
0.0009580574556395938,9.474564552307129,0.0
0.001438579393789663,9.488194465637207,0.0
-0.0009568711439323918,9.47911548614502,0.0
0.0009577876232711446,9.488194465637207,0.0
0.0,9.488194465637207,0.0
0.0,9.488194465637207,0.0
0.0,9.488194465637207,0.0
-0.0009568711439323918,9.47911548614502,0.0
0.0,9.47911548614502,0.0
-0.0009593973503690956,9.47002124786377,0.0
-0.0009591102228521109,9.460938453674316,0.0
0.0,9.460938453674316,0.0
0.0009600309983970323,9.47002124786377,0.0
-0.0009591102228521109,9.460938453674316,0.0
0.0,9.460938453674316,0.0
-0.0009610390107850364,9.4518461227417,0.0
0.0,9.4518461227417,0.0
0.000961963495230922,9.460938453674316,0.0
0.0,9.460938453674316,0.0
0.0,9.460938453674316,0.0
0.0,9.460938453674316,0.0
-0.0009610390107850364,9.4518461227417,0.0
0.00048138534043906667,9.456396102905273,0.0
0.000962609989158647,9.465498924255371,0.0
-0.0009616842622813815,9.456396102905273,0.0
0.0,9.456396102905273,0.0
0.0,9.456396102905273,0.0
0.0,9.456396102905273,0.0
0.0,9.456396102905273,0.0
0.0,9.456396102905273,0.0
-0.0009621057408667477,9.447298049926758,0.0
0.0019265692934027356,9.465498924255371,0.0
-0.0009616842622813815,9.456396102905273,0.0
0.0,9.456396102905273,0.0
0.0,9.456396102905273,0.0
-0.0009621057408667477,9.447298049926758,0.0
-0.000963537013651039,9.43819522857666,0.0
0.0,9.43819522857666,0.0
0.0,9.43819522857666,0.0
0.0,9.43819522857666,0.0
0.0009644663126415765,9.447298049926758,0.0
-0.000963537013651039,9.43819522857666,0.0
0.0024143486720020757,9.460982322692871,0.0
-0.0009638569762047133,9.451863288879395,0.0
0.0,9.451863288879395,0.0
-0.0009638788105778007,9.442752838134766,0.0
0.0,9.442752838134766,0.0
0.0,9.442752838134766,0.0
0.0,9.442752838134766,0.0
0.0,9.442752838134766,0.0
0.0,9.442752838134766,0.0
-0.0009654147415265601,9.433636665344238,0.0
0.0,9.433636665344238,0.0
-0.0009660443889106807,9.42452335357666,0.0
-0.0009671809145395116,9.41540813446045,0.0
0.0,9.41540813446045,0.0
0.0,9.41540813446045,0.0
0.0,9.41540813446045,0.0
0.0,9.41540813446045,0.0
0.0,9.41540813446045,0.0
-0.0009680159703896463,9.406293869018555,0.0
0.0,9.406293869018555,0.0
-0.0009690553201014973,9.397178649902344,0.0
0.001554549905131708,9.411787033081055,0.0
-0.0009702123037308441,9.402655601501465,0.0
0.0,9.402655601501465,0.0
0.0029124493288079645,9.43004035949707,0.0
-0.0019356572952132778,9.411787033081055,0.0
-0.0009702123037308441,9.402655601501465,0.0
0.0009711545298045632,9.411787033081055,0.0
0.0,9.411787033081055,0.0
-0.0009702123037308441,9.402655601501465,0.0
0.0,9.402655601501465,0.0
-0.0019419033553668141,9.38439655303955,0.0
0.0,9.38439655303955,0.0
0.0,9.38439655303955,0.0
-0.000972739217172558,9.37526798248291,0.0
0.0,9.37526798248291,0.0
0.0,9.37526798248291,0.0
0.000973686360080217,9.38439655303955,0.0
0.0,9.38439655303955,0.0
-0.000972739217172558,9.37526798248291,0.0
0.0014629708765852012,9.388983726501465,0.0
0.001947067276258263,9.407264709472656,0.0
-0.0009717938507528556,9.398122787475586,0.0
-0.0009724347277416667,9.388983726501465,0.0
0.0,9.388983726501465,0.0
0.0,9.388983726501465,0.0
0.0,9.388983726501465,0.0
0.0,9.388983726501465,0.0
0.0,9.388983726501465,0.0
0.0,9.388983726501465,0.0
0.0009733812774992412,9.398122787475586,0.0
-0.0009724347277416667,9.388983726501465,0.0
0.0,9.388983726501465,0.0
-0.0009738891462655053,9.379839897155762,0.0
-0.0009747368581588534,9.370697021484375,0.0
0.0009756878971143301,9.379839897155762,0.0
0.0009748385309300556,9.388983726501465,0.0
0.0,9.388983726501465,0.0
-0.0009738891462655053,9.379839897155762,0.0
0.001949168698003989,9.398122787475586,0.0
-0.0009724347277416667,9.388983726501465,0.0
0.002632893258275759,9.413703918457031,0.0
0.0009729526458557292,9.422863006591797,0.0
-0.0019433053984236892,9.40455150604248,0.0
0.0,9.40455150604248,0.0
0.0,9.40455150604248,0.0
0.0009731896740285961,9.413703918457031,0.0
0.0,9.413703918457031,0.0
-0.0009722434966970006,9.40455150604248,0.0
0.0,9.40455150604248,0.0
-0.0009737981077103663,9.395393371582031,0.0
0.0,9.395393371582031,0.0
0.0,9.395393371582031,0.0
0.0,9.395393371582031,0.0
-0.0009751533326349815,9.386231422424316,0.0
-0.0009751907530214377,9.37707805633545,0.0
-0.000976956300071441,9.36791706085205,0.0
0.0,9.36791706085205,0.0
0.0,9.36791706085205,0.0
0.0,9.36791706085205,0.0
0.0,9.36791706085205,0.0
0.0,9.36791706085205,0.0
0.0015664300410884735,9.382591247558594,0.0
0.0,9.382591247558594,0.0
0.0,9.382591247558594,0.0
0.0009780085298769503,9.391767501831055,0.0
-0.0009770529637442849,9.382591247558594,0.0
0.0,9.382591247558594,0.0
0.0,9.382591247558594,0.0
-0.0009776019580499673,9.373418807983398,0.0
0.0,9.373418807983398,0.0
0.0,9.373418807983398,0.0
0.0,9.373418807983398,0.0
-0.0009776429170691436,9.36425495147705,0.0
-0.0009795162159429438,9.355082511901855,0.0
0.0009804766086805028,9.36425495147705,0.0
0.000978599638074007,9.373418807983398,0.0
-0.0009776429170691436,9.36425495147705,0.0
0.0,9.36425495147705,0.0
0.0019581158540169508,9.382591247558594,0.0
0.0009780085298769503,9.391767501831055,0.0
0.0009761390709284168,9.400935173034668,0.0
0.003902878947654065,9.437625885009766,0.0
-0.0019434991756321907,9.419283866882324,0.0
0.0006823035921932341,9.425710678100586,0.0
-0.0009746474301705055,9.416523933410645,0.0
-0.0009755982945411912,9.407337188720703,0.0
0.0,9.407337188720703,0.0
-0.0009764496404613965,9.398151397705078,0.0
0.0009774040262713335,9.407337188720703,0.0
0.0,9.407337188720703,0.0
0.0,9.407337188720703,0.0
-0.0009764496404613965,9.398151397705078,0.0
-0.0009774040262713335,9.388965606689453,0.0
0.0009783602795476742,9.398151397705078,0.0
0.0,9.398151397705078,0.0
0.0,9.398151397705078,0.0
0.0009774040262713335,9.407337188720703,0.0
-0.0009764496404613965,9.398151397705078,0.0
0.0009774040262713335,9.407337188720703,0.0
0.0,9.407337188720703,0.0
0.0,9.407337188720703,0.0
0.0,9.407337188720703,0.0
0.0009765510160468782,9.416523933410645,0.0
0.0,9.416523933410645,0.0
0.001661241443512873,9.432167053222656,0.0
-0.0009755980176220369,9.422965049743652,0.0
0.0009765507385866012,9.432167053222656,0.0
-0.0009755980176220369,9.422965049743652,0.0
0.0009765507385866012,9.432167053222656,0.0
-0.0009755980176220369,9.422965049743652,0.0
0.0,9.422965049743652,0.0
0.0,9.422965049743652,0.0
0.0,9.422965049743652,0.0
0.0009765507385866012,9.432167053222656,0.0
-0.0009755980176220369,9.422965049743652,0.0
0.0,9.422965049743652,0.0
0.0,9.422965049743652,0.0
0.0009765507385866012,9.432167053222656,0.0
-0.0009755980176220369,9.422965049743652,0.0
-0.0009764495311311849,9.413763999938965,0.0
0.0,9.413763999938965,0.0
0.0,9.413763999938965,0.0
-0.000977403916727404,9.404562950134277,0.0
0.0009783601697892497,9.413763999938965,0.0
0.0,9.413763999938965,0.0
0.0017628322507228233,9.43035888671875,0.0
0.0,9.43035888671875,0.0
0.0,9.43035888671875,0.0
0.000977605383574831,9.43957805633545,0.0
0.0,9.43957805633545,0.0
-0.0009766506046858803,9.43035888671875,0.0
0.000977605383574831,9.43957805633545,0.0
0.0,9.43957805633545,0.0
0.0019525940040099332,9.458009719848633,0.0
-0.0009747473189154476,9.448790550231934,0.0
0.0,9.448790550231934,0.0
0.00097569837829381,9.458009719848633,0.0
0.0,9.458009719848633,0.0
0.0,9.458009719848633,0.0
0.0009748481513680574,9.467229843139648,0.0
-0.0009738987479739336,9.458009719848633,0.0
0.0009748481513680574,9.467229843139648,0.0
-0.0009738987479739336,9.458009719848633,0.0
0.0,9.458009719848633,0.0
0.0,9.458009719848633,0.0
-0.0009747473189154476,9.448790550231934,0.0
0.0,9.448790550231934,0.0
0.0,9.448790550231934,0.0
0.002736739580783798,9.474649429321289,0.0
-0.0009745452642152541,9.465415954589844,0.0
0.0,9.465415954589844,0.0
0.0009754959291532472,9.474649429321289,0.0
-0.0019493924945318541,9.45617961883545,0.0
0.0,9.45617961883545,0.0
-0.0009762470421378344,9.446948051452637,0.0
0.0,9.446948051452637,0.0
0.0,9.446948051452637,0.0
-0.0009780086359131301,9.437708854675293,0.0
0.0,9.437708854675293,0.0
-0.000978056629064472,9.428478240966797,0.0
0.0,9.428478240966797,0.0
0.0,9.428478240966797,0.0
0.0,9.428478240966797,0.0
0.0,9.428478240966797,0.0
0.0,9.428478240966797,0.0
0.0009790141603540636,9.437708854675293,0.0
0.0,9.437708854675293,0.0
0.0017650289430592991,9.454366683959961,0.0
-0.000978754283752159,9.445113182067871,0.0
0.0009797131822262273,9.454366683959961,0.0
-0.001957205953585839,9.43586254119873,0.0
0.0,9.43586254119873,0.0
-0.0009805725949668664,9.426609992980957,0.0
0.0009815350613489038,9.43586254119873,0.0
-0.0009805725949668664,9.426609992980957,0.0
0.0009815350613489038,9.43586254119873,0.0
0.0009803704567283855,9.445113182067871,0.0
-0.0009794102718327924,9.43586254119873,0.0
0.0,9.43586254119873,0.0
0.0,9.43586254119873,0.0
-0.0009805725949668664,9.426609992980957,0.0
0.0009815350613489038,9.43586254119873,0.0
-0.0009805725949668664,9.426609992980957,0.0
0.0,9.426609992980957,0.0
0.0009815350613489038,9.43586254119873,0.0
0.001961044120814437,9.454366683959961,0.0
-0.000978754283752159,9.445113182067871,0.0
0.0009797131822262273,9.454366683959961,0.0
0.0,9.454366683959961,0.0
-0.000978754283752159,9.445113182067871,0.0
0.0018643125009403239,9.462721824645996,0.0
0.0,9.462721824645996,0.0
-0.001958702864019668,9.44418716430664,0.0
0.0009815259052152747,9.45345687866211,0.0
-0.0009805634567807697,9.44418716430664,0.0
0.0,9.44418716430664,0.0
-0.0009813239451524902,9.434919357299805,0.0
0.0009822878877778773,9.44418716430664,0.0
0.0009815259052152747,9.45345687866211,0.0
0.0,9.45345687866211,0.0
0.0009800590517103913,9.462721824645996,0.0
0.0,9.462721824645996,0.0
0.0009797041698551556,9.471992492675781,0.0
0.000978141187405912,9.481257438659668,0.0
-0.0009771853621555193,9.471992492675781,0.0
0.0,9.471992492675781,0.0
0.0,9.471992492675781,0.0
0.0,9.471992492675781,0.0
0.0,9.471992492675781,0.0
0.0,9.471992492675781,0.0
0.0,9.471992492675781,0.0
0.0018623445747245615,9.489632606506348,0.0
0.0,9.489632606506348,0.0
0.000978332866527376,9.498916625976562,0.0
0.0,9.498916625976562,0.0
0.0019552553247199622,9.517489433288574,0.0
0.0,9.517489433288574,0.0
-0.000975469375121385,9.50820541381836,0.0
-0.0009769233454188786,9.498916625976562,0.0
0.0009778786579086596,9.50820541381836,0.0
0.0009764218447281259,9.517489433288574,0.0
0.0009753691728229263,9.526772499084473,0.0
0.0009748191734457734,9.536059379577637,0.0
0.0,9.536059379577637,0.0
0.0,9.536059379577637,0.0
0.0,9.536059379577637,0.0
0.0019474396314216325,9.554630279541016,0.0
-0.0019436544816542334,9.536059379577637,0.0
0.0009738698264665224,9.5453462600708,0.0
0.0019455449239240696,9.56391716003418,0.0
0.002918085208008403,9.591825485229492,0.0
0.0,9.591825485229492,0.0
0.0029100918912545737,9.619738578796387,0.0
-0.002901647829434806,9.591825485229492,0.0
-0.0009696992112954161,9.582524299621582,0.0
-0.0009710385295389479,9.573219299316406,0.0
0.0009719823618623558,9.582524299621582,0.0
0.0,9.582524299621582,0.0
0.0,9.582524299621582,0.0
0.0009706404405651625,9.591825485229492,0.0
0.0,9.591825485229492,0.0
-0.0009696992112954161,9.582524299621582,0.0
0.0,9.582524299621582,0.0
-0.0009710385295389479,9.573219299316406,0.0
0.0009719823618623558,9.582524299621582,0.0
0.0,9.582524299621582,0.0
0.0009706404405651625,9.591825485229492,0.0
-0.0009696992112954161,9.582524299621582,0.0
0.0009706404405651625,9.591825485229492,0.0
0.0,9.591825485229492,0.0
0.00194009440274856,9.610434532165527,0.0
0.0029097163309392826,9.638398170471191,0.0
-0.0009671904270805998,9.62907600402832,0.0
-0.0009680277489403366,9.619754791259766,0.0
0.0009689657346592107,9.62907600402832,0.0
0.0,9.62907600402832,0.0
0.0009681267900440993,9.638398170471191,0.0
0.0009668935911439913,9.647717475891113,0.0
-0.0009659596109867774,9.638398170471191,0.0
0.0,9.638398170471191,0.0
-0.0009671904270805998,9.62907600402832,0.0
0.0009681267900440993,9.638398170471191,0.0
0.0,9.638398170471191,0.0
0.0,9.638398170471191,0.0
0.0,9.638398170471191,0.0
-0.0009671904270805998,9.62907600402832,0.0
0.0009681267900440993,9.638398170471191,0.0
0.0,9.638398170471191,0.0
0.0009668935911439913,9.647717475891113,0.0
-0.0009659596109867774,9.638398170471191,0.0
0.001743911128112119,9.655206680297852,0.0
-0.000967383357410867,9.645866394042969,0.0
0.0009683200941545955,9.655206680297852,0.0
-0.000967383357410867,9.645866394042969,0.0
0.0009683200941545955,9.655206680297852,0.0
0.0019341740764571291,9.673881530761719,0.0
0.0,9.673881530761719,0.0
0.0,9.673881530761719,0.0
0.0,9.673881530761719,0.0
0.0,9.673881530761719,0.0
0.0,9.673881530761719,0.0
0.0009648258049250735,9.683215141296387,0.0
0.0,9.683215141296387,0.0
-0.0009638958133711961,9.673881530761719,0.0
0.0028953646562432933,9.70189094543457,0.0
-0.0009622369428604616,9.69255542755127,0.0
0.0028900815584893547,9.72056770324707,0.0
0.0009609767880200959,9.72990894317627,0.0
0.0,9.72990894317627,0.0
0.000959662139333961,9.739246368408203,0.0
0.0,9.739246368408203,0.0
0.000960700485882704,9.748602867126465,0.0
-0.001919556852564619,9.729889869689941,0.0
0.0009614282890055836,9.73924446105957,0.0
-0.0009605048324878851,9.729889869689941,0.0
0.0,9.729889869689941,0.0
0.0,9.729889869689941,0.0
0.0,9.729889869689941,0.0
0.0,9.729889869689941,0.0
0.0009614282890055836,9.73924446105957,0.0
-0.0009605048324878851,9.729889869689941,0.0
-0.0009617223337468062,9.720532417297363,0.0
0.0,9.720532417297363,0.0
-0.0009624519154215472,9.711176872253418,0.0
0.0,9.711176872253418,0.0
0.0009633791215022391,9.720532417297363,0.0
0.0,9.720532417297363,0.0
0.0,9.720532417297363,0.0
0.0019250019401106933,9.73924446105957,0.0
-0.0009605048324878851,9.729889869689941,0.0
0.0009614282890055836,9.73924446105957,0.0
0.0,9.73924446105957,0.0
0.002887683505971017,9.76736831665039,0.0
-0.0009600825165194671,9.757990837097168,0.0
-0.0009603210322132183,9.74862003326416,0.0
0.0,9.74862003326416,0.0
0.0009612441351731782,9.757990837097168,0.0
0.0009610051607726877,9.76736831665039,0.0
-0.0009600825165194671,9.757990837097168,0.0
0.0009610051607726877,9.76736831665039,0.0
0.0,9.76736831665039,0.0
0.0019191886448395312,9.786113739013672,0.0
-0.0009578536593732867,9.776740074157715,0.0
0.0019174465001017271,9.795486450195312,0.0
-0.0009568397883347179,9.786113739013672,0.0
0.0,9.786113739013672,0.0
-0.0009578536593732867,9.776740074157715,0.0
-0.0009585769322124627,9.76736831665039,0.0
0.0009594966835997365,9.776740074157715,0.0
0.0019174465001017271,9.795486450195312,0.0
0.0,9.795486450195312,0.0
0.0009570345054263907,9.804861068725586,0.0
0.0,9.804861068725586,0.0
0.0009562167315653181,9.814236640930176,0.0
0.004784290076361053,9.861190795898438,0.0
0.001904797272936909,9.879974365234375,0.0
-0.0009504914331252001,9.870583534240723,0.0
0.000951395726612958,9.879974365234375,0.0
-0.0009504914331252001,9.870583534240723,0.0
0.000951395726612958,9.879974365234375,0.0
-0.0009504914331252001,9.870583534240723,0.0
-0.0009515889622636609,9.861190795898438,0.0
0.0009524953463218022,9.870583534240723,0.0
0.000951395726612958,9.879974365234375,0.0
0.0,9.879974365234375,0.0
0.0,9.879974365234375,0.0
0.0,9.879974365234375,0.0
0.0028520534553215793,9.90815258026123,0.0
0.0,9.90815258026123,0.0
-0.0009480770446869125,9.898758888244629,0.0
0.0009489767477575128,9.90815258026123,0.0
0.0009477882902571011,9.917543411254883,0.0
-0.0018940701574279295,9.898758888244629,0.0
0.0009489767477575128,9.90815258026123,0.0
0.0018990416336723825,9.926968574523926,0.0
0.0,9.926968574523926,0.0
0.0,9.926968574523926,0.0
0.0,9.926968574523926,0.0
-0.0018953460411534895,9.908153533935547,0.0
-0.0009500019827802797,9.898740768432617,0.0
-0.0009507126587563475,9.88932991027832,0.0
0.001903427616229303,9.908153533935547,0.0
-0.0009500019827802797,9.898740768432617,0.0
0.0,9.898740768432617,0.0
0.0009509053447431803,9.908153533935547,0.0
-0.0009500019827802797,9.898740768432617,0.0
0.0009509053447431803,9.908153533935547,0.0
0.0018989451994195772,9.926968574523926,0.0
-0.0009479131931705576,9.917558670043945,0.0
0.0,9.917558670043945,0.0
-0.0009483317841927352,9.908153533935547,0.0
0.0009492319710413533,9.917558670043945,0.0
-0.0009483317841927352,9.908153533935547,0.0
0.0,9.908153533935547,0.0
0.0,9.908153533935547,0.0
0.0,9.908153533935547,0.0
0.0019025065037117095,9.927003860473633,0.0
0.003799132653384829,9.964717864990234,0.0
0.0,9.964717864990234,0.0
0.002837847615277722,9.992996215820312,0.0
0.0,9.992996215820312,0.0
0.0,9.992996215820312,0.0
0.0,9.992996215820312,0.0
-0.0009431769076547747,9.98357105255127,0.0
0.0018882301846878669,10.002422332763672,0.0
-0.0028275316304834375,9.974140167236328,0.0
0.0018904936433441488,9.992996215820312,0.0
0.002830389631409913,10.021280288696289,0.0
-0.0009408003788324848,10.011852264404297,0.0
-0.0009418768267438482,10.002422332763672,0.0
0.0009427647950572826,10.011852264404297,0.0
-0.0009418768267438482,10.002422332763672,0.0
-0.0009423834177130219,9.992996215820312,0.0
0.001886926420940016,10.011852264404297,0.0
0.0,10.011852264404297,0.0
0.000941686317676993,10.021280288696289,0.0
0.0,10.021280288696289,0.0
-0.0009408003788324848,10.011852264404297,0.0
0.0018868017985580465,10.030742645263672,0.0
0.0009418143912585109,10.040189743041992,0.0
0.0009405482687814271,10.049633026123047,0.0
-0.002819752578430923,10.021295547485352,0.0
0.0,10.021295547485352,0.0
-0.0009424167474774148,10.01185131072998,0.0
-0.002829821949256517,9.983519554138184,0.0
0.0,9.983519554138184,0.0
-0.0009465558463650492,9.974069595336914,0.0
-0.00284092375917544,9.945734024047852,0.0
0.001899249179536211,9.96462345123291,0.0
0.0,9.96462345123291,0.0
0.0,9.96462345123291,0.0
0.0,9.96462345123291,0.0
0.0018963188120204588,9.983519554138184,0.0
0.0009456005977563908,9.992959976196289,0.0
0.0009453753243107155,10.00240707397461,0.0
-0.001888297456476229,9.983519554138184,0.0
0.0,9.983519554138184,0.0
0.0009456005977563908,9.992959976196289,0.0
0.0027463219975458752,10.020403861999512,0.0
0.0009440233821620403,10.029863357543945,0.0
0.001887026752878329,10.048789978027344,0.0
0.0018829980677466107,10.06771183013916,0.0
0.0,10.06771183013916,0.0
-0.0009394927099325434,10.058253288269043,0.0
0.0009403761865043325,10.06771183013916,0.0
-0.0009394927099325434,10.058253288269043,0.0
-0.002822550786050426,10.029863357543945,0.0
-0.001887026752878218,10.010936737060547,0.0
0.0009456782304815281,10.020403861999512,0.0
-0.0009447847680937871,10.010936737060547,0.0
0.0009456782304815281,10.020403861999512,0.0
0.0,10.020403861999512,0.0
0.0,10.020403861999512,0.0
-0.0009447847680937871,10.010936737060547,0.0
0.0,10.010936737060547,0.0
0.0,10.010936737060547,0.0
0.0,10.010936737060547,0.0
0.0,10.010936737060547,0.0
-0.0009446303347893092,10.001480102539062,0.0
0.0,10.001480102539062,0.0
0.0009455235049744548,10.010936737060547,0.0
0.0037881429268755706,10.048859596252441,0.0
0.0,10.048859596252441,0.0
-0.0018868760755559322,10.029898643493652,0.0
-0.0009446510548382081,10.020423889160156,0.0
0.0009455442642247736,10.029898643493652,0.0
-0.0028356646611412684,10.001457214355469,0.0
0.0,10.001457214355469,0.0
0.0,10.001457214355469,0.0
0.0009478141536687357,10.010936737060547,0.0
0.0009476787586208957,10.020423889160156,0.0
0.0009455442642247736,10.029898643493652,0.0
-0.0009446510548382081,10.020423889160156,0.0
0.0009455442642247736,10.029898643493652,0.0
0.0,10.029898643493652,0.0
0.0009455068031516412,10.039381980895996,0.0
-0.0009446136645053782,10.029898643493652,0.0
0.0,10.029898643493652,0.0
0.0,10.029898643493652,0.0
0.0,10.029898643493652,0.0
-0.0009446510548382081,10.020423889160156,0.0
0.00274821702805772,10.047962188720703,0.0
-0.0009450408938755928,10.038466453552246,0.0
0.0018921546879446804,10.05746078491211,0.0
-0.0009444328339470731,10.047962188720703,0.0
0.0,10.047962188720703,0.0
-0.0009450408938755928,10.038466453552246,0.0
0.0,10.038466453552246,0.0
-0.0009463148489539108,10.028966903686523,0.0
0.0009472112089861096,10.038466453552246,0.0
-0.0018924396939226096,10.019469261169434,0.0
0.0018960278122150953,10.038466453552246,0.0
-0.0009463148489539108,10.028966903686523,0.0
0.0,10.028966903686523,0.0
0.0,10.028966903686523,0.0
0.0,10.028966903686523,0.0
0.0,10.028966903686523,0.0
-0.0009470210250268618,10.019469261169434,0.0
0.0009479187239884723,10.028966903686523,0.0
0.0,10.028966903686523,0.0
0.0009472112089861096,10.038466453552246,0.0
0.0009459348409832646,10.047962188720703,0.0
0.0009471289625373469,10.057478904724121,0.0
0.0009458534684754216,10.066991806030273,0.0
0.0009454333390868097,10.076509475708008,0.0
0.0,10.076509475708008,0.0
0.0,10.076509475708008,0.0
-0.0009445403391600271,10.066991806030273,0.0
0.0,10.066991806030273,0.0
0.0,10.066991806030273,0.0
0.0,10.066991806030273,0.0
0.0,10.066991806030273,0.0
0.0009454333390868097,10.076509475708008,0.0
0.0,10.076509475708008,0.0
-0.0009445403391600271,10.066991806030273,0.0
0.0018904877469754222,10.086023330688477,0.0
0.0,10.086023330688477,0.0
0.0,10.086023330688477,0.0
0.0009431766112624196,10.095536231994629,0.0
0.0018852369894133414,10.114568710327148,0.0
-0.0009409862101205091,10.105051040649414,0.0
0.0009418724991538951,10.114568710327148,0.0
0.0,10.114568710327148,0.0
0.0037697906465969933,10.152698516845703,0.0
0.0,10.152698516845703,0.0
-0.0018777224157034977,10.133634567260742,0.0
-0.0009409097744884631,10.124099731445312,0.0
0.0,10.124099731445312,0.0
0.0009417959194746306,10.133634567260742,0.0
0.000940439225491474,10.14316463470459,0.0
-0.0009395556305219488,10.133634567260742,0.0
-0.0009409097744884631,10.124099731445312,0.0
0.0,10.124099731445312,0.0
0.0009417959194746306,10.133634567260742,0.0
0.0,10.133634567260742,0.0
0.0,10.133634567260742,0.0
0.000940439225491474,10.14316463470459,0.0
0.0009399317160339038,10.152698516845703,0.0
0.0028171472220792637,10.181300163269043,0.0
0.0,10.181300163269043,0.0
0.0009363173969851868,10.19083309173584,0.0
0.001870695890448859,10.2098970413208,0.0
0.00448950681463689,10.25573444366455,0.0
0.0,10.25573444366455,0.0
0.004655605952696096,10.303481101989746,0.0
0.0009264175998795476,10.313026428222656,0.0
0.001852137490022221,10.332127571105957,0.0
0.0,10.332127571105957,0.0
0.0,10.332127571105957,0.0
-0.004621275886395271,10.284379959106445,0.0
-0.0009284164231412317,10.274831771850586,0.0
-0.0027883016262757465,10.246182441711426,0.0
-0.001863755073692519,10.227086067199707,0.0
0.002801225713424449,10.25573444366455,0.0
-0.005586615555987606,10.198439598083496,0.0
-0.004681574128804433,10.150694847106934,0.0
-0.0018817571773173114,10.131593704223633,0.0
0.002827627844265157,10.160242080688477,0.0
0.0009397598187161904,10.169790267944336,0.0
-0.0018776612235152923,10.150694847106934,0.0
0.002822119032016346,10.179341316223145,0.0
0.00281427077652574,10.207988739013672,0.0
0.0028061860347097234,10.236634254455566,0.0
0.000932746742583257,10.246182441711426,0.0
0.003547780270871881,10.282533645629883,0.0
0.0,10.282533645629883,0.0
0.0,10.282533645629883,0.0
0.0,10.282533645629883,0.0
-0.0009306235623053327,10.272964477539062,0.0
0.0,10.272964477539062,0.0
0.000931490429246784,10.282533645629883,0.0
0.0027905722286867274,10.311227798461914,0.0
0.0009277563501504105,10.320794105529785,0.0
0.001853330816270482,10.339921951293945,0.0
0.0009251817482698321,10.349488258361816,0.0
0.0,10.349488258361816,0.0
0.0,10.349488258361816,0.0
0.0,10.349488258361816,0.0
0.0,10.349488258361816,0.0
-0.0009243265781901933,10.339921951293945,0.0
0.0,10.339921951293945,0.0
0.0,10.339921951293945,0.0
0.0,10.339921951293945,0.0
0.0009251817482698321,10.349488258361816,0.0
0.0,10.349488258361816,0.0
0.0016661099451955597,10.366731643676758,0.0
0.0,10.366731643676758,0.0
0.0,10.366731643676758,0.0
0.0,10.366731643676758,0.0
0.0,10.366731643676758,0.0
0.0018484300257968211,10.385893821716309,0.0
-0.0009223720820513703,10.376314163208008,0.0
0.0,10.376314163208008,0.0
0.0,10.376314163208008,0.0
0.0009232236377603176,10.385893821716309,0.0
0.0,10.385893821716309,0.0
0.0,10.385893821716309,0.0
-0.0009223720820513703,10.376314163208008,0.0
0.0009232236377603176,10.385893821716309,0.0
0.0,10.385893821716309,0.0
0.0009229230260525689,10.395479202270508,0.0
0.0,10.395479202270508,0.0
0.0,10.395479202270508,0.0
0.0,10.395479202270508,0.0
0.0009216133278902028,10.405059814453125,0.0
0.0016601445067208065,10.422333717346191,0.0
0.0009204282082011517,10.431926727294922,0.0
0.0,10.431926727294922,0.0
-0.0009195817991733968,10.422333717346191,0.0
0.0,10.422333717346191,0.0
-0.0009205197111544772,10.412739753723145,0.0
0.0,10.412739753723145,0.0
0.0009213678484201182,10.422333717346191,0.0
0.0018414969370759149,10.441526412963867,0.0
-0.000919375701336822,10.431926727294922,0.0
0.0,10.431926727294922,0.0
0.0,10.431926727294922,0.0
0.0,10.431926727294922,0.0
0.0009202217308359462,10.441526412963867,0.0
0.0,10.441526412963867,0.0
0.0,10.441526412963867,0.0
0.0,10.441526412963867,0.0
0.0,10.441526412963867,0.0
0.0,10.441526412963867,0.0
0.0,10.441526412963867,0.0
0.0,10.441526412963867,0.0
0.000919010362294026,10.451122283935547,0.0
0.0014717857691666225,10.466504096984863,0.0
-0.0009186395351220566,10.456889152526855,0.0
0.0009194842096691414,10.466504096984863,0.0
0.0,10.466504096984863,0.0
0.0,10.466504096984863,0.0
0.0,10.466504096984863,0.0
0.0,10.466504096984863,0.0
0.0,10.466504096984863,0.0
0.0,10.466504096984863,0.0
0.0,10.466504096984863,0.0
0.0,10.466504096984863,0.0
0.0,10.466504096984863,0.0
0.0,10.466504096984863,0.0
0.0,10.466504096984863,0.0
0.0009180017175516308,10.476112365722656,0.0
0.0,10.476112365722656,0.0
-0.0009171597633136352,10.466504096984863,0.0
0.0,10.466504096984863,0.0
0.0,10.466504096984863,0.0
0.0009180017175516308,10.476112365722656,0.0
0.0,10.476112365722656,0.0
0.0,10.476112365722656,0.0
0.0023888939462903824,10.501138687133789,0.0
0.0,10.501138687133789,0.0
0.0,10.501138687133789,0.0
0.0,10.501138687133789,0.0
0.0,10.501138687133789,0.0
-0.0009169719455807135,10.491509437561035,0.0
0.0,10.491509437561035,0.0
0.0,10.491509437561035,0.0
-0.0009169954582000095,10.481888771057129,0.0
0.0,10.481888771057129,0.0
0.0,10.481888771057129,0.0
0.0,10.481888771057129,0.0
0.0,10.481888771057129,0.0
0.0,10.481888771057129,0.0
0.0,10.481888771057129,0.0
0.0,10.481888771057129,0.0
0.0,10.481888771057129,0.0
0.0,10.481888771057129,0.0
0.0,10.481888771057129,0.0
-0.0009183830090226941,10.472262382507324,0.0
0.0009192272116753664,10.481888771057129,0.0
0.001379303191676673,10.496346473693848,0.0
0.0009179357448612091,10.5059814453125,0.0
0.0,10.5059814453125,0.0
0.0,10.5059814453125,0.0
-0.0009170939115784593,10.496346473693848,0.0
0.0,10.496346473693848,0.0
0.0,10.496346473693848,0.0
0.0,10.496346473693848,0.0
0.0,10.496346473693848,0.0
0.0,10.496346473693848,0.0
0.0,10.496346473693848,0.0
0.0,10.496346473693848,0.0
0.0,10.496346473693848,0.0
-0.0009182083180805378,10.486708641052246,0.0
0.0009190521994548728,10.496346473693848,0.0
0.0,10.496346473693848,0.0
-0.0009182083180805378,10.486708641052246,0.0
0.0,10.486708641052246,0.0
0.0,10.486708641052246,0.0
0.0,10.486708641052246,0.0
0.0,10.486708641052246,0.0
0.0012881827038668803,10.50021743774414,0.0
0.0,10.50021743774414,0.0
0.0,10.50021743774414,0.0
-0.0009193230033470723,10.490564346313477,0.0
0.0,10.490564346313477,0.0
0.0,10.490564346313477,0.0
0.0,10.490564346313477,0.0
0.0,10.490564346313477,0.0
0.0,10.490564346313477,0.0
0.0,10.490564346313477,0.0
0.0009201689358167009,10.50021743774414,0.0
-0.0009193230033470723,10.490564346313477,0.0
0.0,10.490564346313477,0.0
0.0,10.490564346313477,0.0
0.0,10.490564346313477,0.0
0.0,10.490564346313477,0.0
-0.0009196234889075061,10.480916976928711,0.0
0.0,10.480916976928711,0.0
0.0009204699747171752,10.490564346313477,0.0
0.0,10.490564346313477,0.0
0.0,10.490564346313477,0.0
-0.0009196234889075061,10.480916976928711,0.0
0.0012908053639122397,10.49444580078125,0.0
0.0,10.49444580078125,0.0
-0.0009210099685357243,10.484780311584473,0.0
0.0018433541878730697,10.504107475280762,0.0
0.0,10.504107475280762,0.0
-0.0009197996614418447,10.49444580078125,0.0
-0.0009210099685357243,10.484780311584473,0.0
0.0,10.484780311584473,0.0
0.0,10.484780311584473,0.0
0.0009218590098734047,10.49444580078125,0.0
-0.0009210099685357243,10.484780311584473,0.0
0.0,10.484780311584473,0.0
0.0009218590098734047,10.49444580078125,0.0
0.0,10.49444580078125,0.0
0.0,10.49444580078125,0.0
0.0,10.49444580078125,0.0
0.0,10.49444580078125,0.0
0.0,10.49444580078125,0.0
0.0,10.49444580078125,0.0
0.0,10.49444580078125,0.0
0.0021203675970244973,10.516697883605957,0.0
-0.0009201494038978408,10.507020950317383,0.0
0.0,10.507020950317383,0.0
0.0,10.507020950317383,0.0
0.0,10.507020950317383,0.0
0.0,10.507020950317383,0.0
0.0,10.507020950317383,0.0
0.0,10.507020950317383,0.0
0.0,10.507020950317383,0.0
0.0009209968586083583,10.516697883605957,0.0
0.0,10.516697883605957,0.0
0.0,10.516697883605957,0.0
0.0,10.516697883605957,0.0
0.0,10.516697883605957,0.0
0.0,10.516697883605957,0.0
-0.0009201494038978408,10.507020950317383,0.0
0.0009209968586083583,10.516697883605957,0.0
0.0,10.516697883605957,0.0
0.0,10.516697883605957,0.0
0.0,10.516697883605957,0.0
0.0,10.516697883605957,0.0
0.0,10.516697883605957,0.0
0.0011970919760377896,10.529287338256836,0.0
0.0,10.529287338256836,0.0
0.0,10.529287338256836,0.0
-0.000919683231894064,10.519603729248047,0.0
-0.0009208017983420858,10.509917259216309,0.0
0.0,10.509917259216309,0.0
0.0,10.509917259216309,0.0
0.0,10.509917259216309,0.0
0.0,10.509917259216309,0.0
0.0,10.509917259216309,0.0
0.0,10.509917259216309,0.0
0.0009216504557392202,10.519603729248047,0.0
0.0,10.519603729248047,0.0
0.0,10.519603729248047,0.0
0.0,10.519603729248047,0.0
0.0,10.519603729248047,0.0
0.0,10.519603729248047,0.0
0.0,10.519603729248047,0.0
-0.0009208017983420858,10.509917259216309,0.0
0.002122236965524271,10.532221794128418,0.0
0.0,10.532221794128418,0.0
-0.0009206041198550619,10.522525787353516,0.0
0.0,10.522525787353516,0.0
0.0,10.522525787353516,0.0
0.0,10.522525787353516,0.0
0.0,10.522525787353516,0.0
0.0,10.522525787353516,0.0
0.0,10.522525787353516,0.0
0.0,10.522525787353516,0.0
0.0,10.522525787353516,0.0
-0.0009219055712026414,10.512825012207031,0.0
0.0,10.512825012207031,0.0
0.0,10.512825012207031,0.0
0.0,10.512825012207031,0.0
-0.000922393404052535,10.503128051757812,0.0
0.0,10.503128051757812,0.0
0.0,10.503128051757812,0.0
-0.0036935247910531155,10.464334487915039,0.0
0.0028761511576511634,10.494431495666504,0.0
0.0,10.494431495666504,0.0
0.0009248279453797359,10.50413703918457,0.0
-0.00184849159998568,10.484720230102539,0.0
0.0,10.484720230102539,0.0
-0.0009257755075346985,10.475013732910156,0.0
-0.0009267244047805878,10.465306282043457,0.0
0.0,10.465306282043457,0.0
0.0009275840195288598,10.475013732910156,0.0
0.0,10.475013732910156,0.0
-0.0009267244047805878,10.465306282043457,0.0
0.0,10.465306282043457,0.0
0.0,10.465306282043457,0.0
0.0009275840195288598,10.475013732910156,0.0
-0.0009267244047805878,10.465306282043457,0.0
0.0,10.465306282043457,0.0
0.0,10.465306282043457,0.0
0.0,10.465306282043457,0.0
0.0009275840195288598,10.475013732910156,0.0
0.0,10.475013732910156,0.0
-0.0009267244047805878,10.465306282043457,0.0
0.0,10.465306282043457,0.0
-0.00092776627397817,10.455596923828125,0.0
0.001115612111765918,10.46726131439209,0.0
0.0,10.46726131439209,0.0
0.0,10.46726131439209,0.0
0.0009284129814184361,10.47697925567627,0.0
0.0,10.47697925567627,0.0
0.000927824907342778,10.486700057983398,0.0
-0.0009269648462700841,10.47697925567627,0.0
0.0,10.47697925567627,0.0
0.0,10.47697925567627,0.0
0.0,10.47697925567627,0.0
0.000927824907342778,10.486700057983398,0.0
-0.0009269648462700841,10.47697925567627,0.0
0.0,10.47697925567627,0.0
0.000927824907342778,10.486700057983398,0.0
0.0,10.486700057983398,0.0
0.0,10.486700057983398,0.0
0.0,10.486700057983398,0.0
0.0,10.486700057983398,0.0
-0.0009269648462700841,10.47697925567627,0.0
0.000927824907342778,10.486700057983398,0.0
0.0,10.486700057983398,0.0
0.0010203615790396192,10.497400283813477,0.0
0.0,10.497400283813477,0.0
0.0,10.497400283813477,0.0
0.0009267467600202473,10.507128715515137,0.0
0.0,10.507128715515137,0.0
0.0,10.507128715515137,0.0
0.0,10.507128715515137,0.0
0.0,10.507128715515137,0.0
-0.001851868155845926,10.4876708984375,0.0
0.0009276974335099553,10.497400283813477,0.0
0.0,10.497400283813477,0.0
0.0,10.497400283813477,0.0
0.0,10.497400283813477,0.0
0.0,10.497400283813477,0.0
0.0,10.497400283813477,0.0
0.0,10.497400283813477,0.0
0.0009267467600202473,10.507128715515137,0.0
0.0,10.507128715515137,0.0
0.0,10.507128715515137,0.0
0.0,10.507128715515137,0.0
0.0010194668983218858,10.517840385437012,0.0
0.0,10.517840385437012,0.0
0.0,10.517840385437012,0.0
-0.0009256711206296897,10.50810432434082,0.0
0.0009265287815651835,10.517840385437012,0.0
0.0,10.517840385437012,0.0
0.0,10.517840385437012,0.0
0.0009259431368273674,10.527579307556152,0.0
0.0,10.527579307556152,0.0
-0.0009250865592768109,10.517840385437012,0.0
0.0,10.517840385437012,0.0
0.0,10.517840385437012,0.0
-0.0027775573942843135,10.488626480102539,0.0
0.0,10.488626480102539,0.0
0.0,10.488626480102539,0.0
-0.0009285221604197202,10.478887557983398,0.0
0.0009293851150946608,10.488626480102539,0.0
0.0,10.488626480102539,0.0
-0.0009285221604197202,10.478887557983398,0.0
0.0,10.478887557983398,0.0
0.0009293851150946608,10.488626480102539,0.0
0.0,10.488626480102539,0.0
0.0009291586327193624,10.498372077941895,0.0
0.0,10.498372077941895,0.0
0.0,10.498372077941895,0.0
0.0009286594592228248,10.508121490478516,0.0
0.0009276163391165326,10.517868995666504,0.0
0.0,10.517868995666504,0.0
-0.0009267566644920455,10.508121490478516,0.0
0.0,10.508121490478516,0.0
-0.0009277978509721896,10.498372077941895,0.0
0.0009286594592228248,10.508121490478516,0.0
0.0,10.508121490478516,0.0
0.0,10.508121490478516,0.0
0.0009276163391165326,10.517868995666504,0.0
0.0009268473363113205,10.527617454528809,0.0
-0.0009259890857936659,10.517868995666504,0.0
0.0,10.517868995666504,0.0
0.0,10.517868995666504,0.0
0.0,10.517868995666504,0.0
0.0009268473363113205,10.527617454528809,0.0
0.0,10.527617454528809,0.0
-0.0009259890857936659,10.517868995666504,0.0
0.0018551454217305974,10.537381172180176,0.0
0.0009259456189087967,10.547138214111328,0.0
0.0,10.547138214111328,0.0
-0.0009250890367681341,10.537381172180176,0.0
-0.000925674107144836,10.527626991271973,0.0
-0.000926984712497525,10.517868041992188,0.0
-0.0009274821231425312,10.508112907409668,0.0
0.0,10.508112907409668,0.0
0.0,10.508112907409668,0.0
0.0,10.508112907409668,0.0
0.0009283431448134927,10.517868041992188,0.0
0.0,10.517868041992188,0.0
0.0,10.517868041992188,0.0
-0.0009274821231425312,10.508112907409668,0.0
0.0,10.508112907409668,0.0
0.0,10.508112907409668,0.0
0.0,10.508112907409668,0.0
0.0,10.508112907409668,0.0
0.0,10.508112907409668,0.0
0.0,10.508112907409668,0.0
0.0009283431448134927,10.517868041992188,0.0
0.0,10.517868041992188,0.0
0.0009285701850720862,10.527634620666504,0.0
0.0,10.527634620666504,0.0
0.0,10.527634620666504,0.0
0.0,10.527634620666504,0.0
-0.0009276181546830076,10.517868995666504,0.0
0.0,10.517868995666504,0.0
0.0009284794290576048,10.527634620666504,0.0
-0.0009276181546830076,10.517868995666504,0.0
0.0,10.517868995666504,0.0
0.0009284794290576048,10.527634620666504,0.0
0.0,10.527634620666504,0.0
-0.0009276181546830076,10.517868995666504,0.0
-0.0009285701008768799,10.508102416992188,0.0
0.0009294331447058379,10.517868995666504,0.0
0.0,10.517868995666504,0.0
-0.0009285701008768799,10.508102416992188,0.0
-0.0009292516325205558,10.498337745666504,0.0
-0.0009304793063055206,10.488569259643555,0.0
0.0,10.488569259643555,0.0
0.0,10.488569259643555,0.0
0.0,10.488569259643555,0.0
0.0008386932170412198,10.497365951538086,0.0
0.0009312922367965548,10.507142066955566,0.0
0.0,10.507142066955566,0.0
-0.0009304257385294168,10.497365951538086,0.0
0.0,10.497365951538086,0.0
-0.0009309288411329941,10.487593650817871,0.0
-0.0009318872107301202,10.47782039642334,0.0
-0.0009329384712970512,10.468045234680176,0.0
0.0009338096582520716,10.47782039642334,0.0
-0.0009329384712970512,10.468045234680176,0.0
0.0009338096582520716,10.47782039642334,0.0
-0.0018656949058192263,10.458271980285645,0.0
-0.0009345911147914387,10.448497772216797,0.0
0.0,10.448497772216797,0.0
0.0009354653924353862,10.458271980285645,0.0
-0.0018692734181003923,10.438722610473633,0.0
0.0,10.438722610473633,0.0
0.0,10.438722610473633,0.0
0.0,10.438722610473633,0.0
0.0,10.438722610473633,0.0
0.0,10.438722610473633,0.0
0.0008433376327017239,10.447525978088379,0.0
0.0,10.447525978088379,0.0
0.0009365565117378516,10.457310676574707,0.0
0.0,10.457310676574707,0.0
0.0009353154067586189,10.46709156036377,0.0
0.0009344414093117592,10.476872444152832,0.0
-0.0018671380874778487,10.457310676574707,0.0
0.0009353154067586189,10.46709156036377,0.0
-0.002803597562981208,10.437746047973633,0.0
-0.001874593984158679,10.418179512023926,0.0
0.0009391031130459027,10.427963256835938,0.0
0.0,10.427963256835938,0.0
0.0,10.427963256835938,0.0
0.0,10.427963256835938,0.0
0.0,10.427963256835938,0.0
0.0,10.427963256835938,0.0
-0.0018762611445303223,10.408397674560547,0.0
-0.0009397108080303473,10.398616790771484,0.0
0.0,10.398616790771484,0.0
0.002822150931698575,10.427963256835938,0.0
0.0009381305722651057,10.437746047973633,0.0
-9.383477222457692e-05,10.436766624450684,0.0
0.0,10.436766624450684,0.0
-0.0018763233018173064,10.417183876037598,0.0
0.001879850509131531,10.436766624450684,0.0
-0.0009382530273234213,10.426974296569824,0.0
-0.0018777195722311513,10.407395362854004,0.0
0.0,10.407395362854004,0.0
0.0,10.407395362854004,0.0
0.0,10.407395362854004,0.0
0.0009405343837067814,10.417183876037598,0.0
-0.0009396506099993429,10.407395362854004,0.0
0.0,10.407395362854004,0.0
0.0018812520359994256,10.426974296569824,0.0
0.0,10.426974296569824,0.0
0.0,10.426974296569824,0.0
-0.0009389512483450879,10.417183876037598,0.0
-9.411153810201522e-05,10.416203498840332,0.0
-0.0009424857544477749,10.406386375427246,0.0
0.0,10.406386375427246,0.0
0.0,10.406386375427246,0.0
0.0,10.406386375427246,0.0
0.0009433748718254975,10.416203498840332,0.0
0.0008490062561681277,10.425046920776367,0.0
-0.0028276201866650474,10.39556884765625,0.0
0.0009451821854029596,10.405394554138184,0.0
-0.001888670971190387,10.3857421875,0.0
-0.0009458010108133186,10.375919342041016,0.0
-0.0009471559585806366,10.36609172821045,0.0
-0.0009479619140845275,10.3562650680542,0.0
0.0009488613985519923,10.36609172821045,0.0
0.0,10.36609172821045,0.0
0.0,10.36609172821045,0.0
-0.001895647829940894,10.346441268920898,0.0
-0.00284910263866911,10.316963195800781,0.0
0.0009523835934523994,10.326788902282715,0.0
0.0,10.326788902282715,0.0
0.0009515697715170024,10.336615562438965,0.0
0.0009505728855427886,10.346441268920898,0.0
-0.0009496701548433739,10.336615562438965,0.0
-0.002851718656628255,10.307138442993164,0.0
-0.0009533839300402969,10.297311782836914,0.0
0.0009542937383548722,10.307138442993164,0.0
0.0008586377009680568,10.315988540649414,0.0
0.0,10.315988540649414,0.0
0.0009533055908341748,10.325822830200195,0.0
-0.0019047953296309483,10.306154251098633,0.0
-0.002862738283149091,10.276650428771973,0.0
0.0,10.276650428771973,0.0
-0.0009569547605947637,10.266816139221191,0.0
-0.0009576856221849006,10.256983757019043,0.0
-0.005752737715345346,10.197978019714355,0.0
0.003857255276758398,10.237314224243164,0.0
-0.0028817090750080654,10.207813262939453,0.0
0.0,10.207813262939453,0.0
0.001926629263912183,10.227479934692383,0.0
0.0009615554969140128,10.237314224243164,0.0
0.0,10.237314224243164,0.0
-0.0009606317961299293,10.227479934692383,0.0
-0.0019229245012956087,10.207813262939453,0.0
0.0009634080578733162,10.217647552490234,0.0
0.0,10.217647552490234,0.0
0.0036601711035488815,10.255045890808105,0.0
0.003838673064145093,10.294411659240723,0.0
-0.004780131461721182,10.245203018188477,0.0
0.0,10.245203018188477,0.0
0.0019213666659405604,10.264887809753418,0.0
-0.002876476690003238,10.235361099243164,0.0
-0.002884401979249329,10.205838203430176,0.0
-0.0009644354950013589,10.195995330810547,0.0
-0.0009652729945425209,10.186153411865234,0.0
-0.0009661120221823305,10.176312446594238,0.0
-0.0038684663342966052,10.136945724487305,0.0
0.0,10.136945724487305,0.0
-0.0009710840485380734,10.12710189819336,0.0
0.0,10.12710189819336,0.0
0.0,10.12710189819336,0.0
-0.004858821459876372,10.077896118164062,0.0
-0.0009766793092744752,10.068053245544434,0.0
0.0019549841201942364,10.087736129760742,0.0
-0.0009754430003030556,10.077896118164062,0.0
-0.004883018025179209,10.028685569763184,0.0
0.0,10.028685569763184,0.0
0.0009814718540288592,10.038528442382812,0.0
0.0009803195087287886,10.048369407653809,0.0
0.0012749989821077001,10.06118106842041,0.0
-0.0029386024320768867,10.031615257263184,0.0
0.000982516155902502,10.041471481323242,0.0
-0.002944085454931855,10.011908531188965,0.0
0.0,10.011908531188965,0.0
0.000984354816570887,10.021763801574707,0.0
-0.001966583309392589,10.002055168151855,0.0
-0.0009851338421411615,9.992201805114746,0.0
0.0039444211513284255,10.031615257263184,0.0
0.0,10.031615257263184,0.0
-0.0029466928658299363,10.002055168151855,0.0
0.0,10.002055168151855,0.0
-0.003941012107745001,9.962636947631836,0.0
0.0019782547057018984,9.982345581054688,0.0
-0.0029612368026438185,9.95278549194336,0.0
0.0,9.95278549194336,0.0
0.001979925360177104,9.972491264343262,0.0
0.0029645454706288543,10.002055168151855,0.0
-0.001970553727790536,9.982345581054688,0.0
-0.0009871744703097152,9.972491264343262,0.0
-0.0009891062517004556,9.962627410888672,0.0
-0.001980171103018291,9.942899703979492,0.0
0.0,9.942899703979492,0.0
0.003968104005741102,9.982354164123535,0.0
-0.002964100336888653,9.952765464782715,0.0
0.0,9.952765464782715,0.0
0.002972912347378953,9.982354164123535,0.0
0.0,9.982354164123535,0.0
0.0,9.982354164123535,0.0
0.001976640107336669,10.00208568572998,0.0
-0.0009862750069198345,9.992220878601074,0.0
0.0009872487056439283,10.00208568572998,0.0
-0.003945004680134256,9.962627410888672,0.0
0.0009900855515092566,9.972491264343262,0.0
0.0019784037643990615,9.992220878601074,0.0
0.0009872487056439283,10.00208568572998,0.0
-0.001972740708929943,9.982354164123535,0.0
0.003952802534608724,10.021812438964844,0.0
0.0009840481615495111,10.0316743850708,0.0
0.0009833659616771406,10.041539192199707,0.0
0.0,10.041539192199707,0.0
-0.0008848627123677621,10.03265380859375,0.0
-0.0029528517110266606,10.003028869628906,0.0
0.0,10.003028869628906,0.0
0.0,10.003028869628906,0.0
-0.00296140619029428,9.973405838012695,0.0
0.0009899717667281038,9.98327922821045,0.0
-0.0009889926918856817,9.973405838012695,0.0
-0.0009899717667281038,9.963532447814941,0.0
-0.005946673856889073,9.904282569885254,0.0
-0.006978936666142577,9.835161209106445,0.0
-0.0030120487769024207,9.805537223815918,0.0
0.005035085608612766,9.85490894317627,0.0
0.00200394421277883,9.87465763092041,0.0
-0.000999871647887618,9.864784240722656,0.0
0.0,9.864784240722656,0.0
0.0030030038739454756,9.894408226013184,0.0
0.0019959443044021974,9.914156913757324,0.0
0.0,9.914156913757324,0.0
-0.001991968446327097,9.894408226013184,0.0
0.0,9.894408226013184,0.0
0.0019959443044021974,9.914156913757324,0.0
0.0031910164801047802,9.945793151855469,0.0
0.004970313321034148,9.995226860046387,0.0
0.0,9.995226860046387,0.0
-0.0029673434785948416,9.965567588806152,0.0
-0.0019842760359074507,9.945793151855469,0.0
-0.0009939667770009208,9.935907363891602,0.0
0.0009949557299411271,9.945793151855469,0.0
0.000994062664206874,9.955679893493652,0.0
-0.000993075484944539,9.945793151855469,0.0
-0.0019879335540017307,9.926021575927734,0.0
0.000995946652769808,9.935907363891602,0.0
0.0,9.935907363891602,0.0
-0.0019900074424915593,9.91613483428955,0.0
0.0,9.91613483428955,0.0
0.003987950937027973,9.955679893493652,0.0
0.003972301939778156,9.995226860046387,0.0
-0.0009891462971894915,9.985340118408203,0.0
-0.000989934661447145,9.975455284118652,0.0
0.001982022410466966,9.995226860046387,0.0
0.0039563943628107,10.034771919250488,0.0
0.0011835904225923066,10.046648979187012,0.0
0.0,10.046648979187012,0.0
-0.004926018125855802,9.997159004211426,0.0
0.0,9.997159004211426,0.0
0.002970394974387114,10.026854515075684,0.0
-0.005923290829993988,9.967462539672852,0.0
0.000993145383280547,9.977361679077148,0.0
-0.0019840332968139585,9.957566261291504,0.0
0.0019879775103879282,9.977361679077148,0.0
-0.0009921600241330486,9.967462539672852,0.0
0.000993145383280547,9.977361679077148,0.0
0.0009921600241329376,9.987260818481445,0.0
-0.0009911766183154924,9.977361679077148,0.0
-0.0019840332968139585,9.957566261291504,0.0
0.0009938450944402266,9.967462539672852,0.0
-0.0009928583470425467,9.957566261291504,0.0
-0.002982109926335519,9.927871704101562,0.0
0.0009970098350375878,9.937769889831543,0.0
-0.0019920335929911603,9.917973518371582,0.0
0.0009980048556941234,9.927871704101562,0.0
0.0,9.927871704101562,0.0
-0.001993923609776904,9.908076286315918,0.0
0.0,9.908076286315918,0.0
0.00030011441501121006,9.911049842834473,0.0
-0.002000290786932757,9.89122486114502,0.0
0.003006257122144085,9.920960426330566,0.0
-0.0029972466281216192,9.89122486114502,0.0
0.0020042999696963104,9.911049842834473,0.0
-0.002000290786932757,9.89122486114502,0.0
-0.0010018607362476395,9.881315231323242,0.0
0.0,9.881315231323242,0.0
-0.004011944435597381,9.84167194366455,0.0
-0.0010070020168141403,9.831761360168457,0.0
-0.001008114091394119,9.821849822998047,0.0
0.0,9.821849822998047,0.0
-0.0010091314109895722,9.811938285827637,0.0
-0.0010101507858775172,9.802026748657227,0.0
-0.0010110749287081111,9.792116165161133,0.0
-0.004048685119604212,9.752470970153809,0.0
-0.002032425121063941,9.732649803161621,0.0
-0.004073324545195267,9.693005561828613,0.0
-0.0010224469007963366,9.68309497833252,0.0
0.006141157187682156,9.742560386657715,0.0
-0.0020345904854385255,9.722738265991211,0.0
0.0013269210585942215,9.735639572143555,0.0
0.0030581204514879,9.765412330627441,0.0
0.001016330726733683,9.775337219238281,0.0
-0.002030500135412172,9.755488395690918,0.0
-0.002034631454856828,9.735639572143555,0.0
-0.002038681662973385,9.715791702270508,0.0
-0.001021423188210635,9.705867767333984,0.0
0.0,9.705867767333984,0.0
0.0010224675602859001,9.715791702270508,0.0
-0.0030643677217708776,9.686018943786621,0.0
-0.0010245628254619277,9.676095008850098,0.0
0.0010256136310615727,9.686018943786621,0.0
0.0010246612843149983,9.695943832397461,0.0
-0.0040941546389501315,9.65624713897705,0.0
-0.00205554220616877,9.636398315429688,0.0
0.0030896147615873115,9.666171073913574,0.0
0.0,9.666171073913574,0.0
0.002053333188630546,9.686018943786621,0.0
0.002049224109776926,9.705867767333984,0.0
0.0020449351205718003,9.725715637207031,0.0
-0.0020407618949002115,9.705867767333984,0.0
0.0004096355236240523,9.709843635559082,0.0
-0.0010236203690435763,9.699904441833496,0.0
-0.001024570923442103,9.689966201782227,0.0
-0.0020514403288131033,9.670087814331055,0.0
0.0010277300725791694,9.680026054382324,0.0
-0.0010266749278809995,9.670087814331055,0.0
0.0020556573872796413,9.689966201782227,0.0
0.0020513419100676167,9.709843635559082,0.0
0.008188275431470826,9.789350509643555,0.0
-0.0010154041772342248,9.779410362243652,0.0
0.0,9.779410362243652,0.0
0.0020326775045578227,9.799288749694824,0.0
0.0010142770541274881,9.80922794342041,0.0
-0.0020264014549878917,9.789350509643555,0.0
-0.0020306135153286275,9.769472122192383,0.0
0.0,9.769472122192383,0.0
0.0010172750305201816,9.779410362243652,0.0
0.0010164362708695585,9.789350509643555,0.0
0.0010152093380944027,9.799288749694824,0.0
0.0,9.799288749694824,0.0
-0.0010141797333586,9.789350509643555,0.0
0.0054900798626149605,9.843094825744629,0.0
0.0030333585144333153,9.872952461242676,0.0
0.0,9.872952461242676,0.0
-0.0040322467691747965,9.833142280578613,0.0
0.0020241888187693124,9.853046417236328,0.0
0.0030304883974203722,9.882905960083008,0.0
-0.0020141893575379433,9.86299991607666,0.0
-0.001009175598197798,9.853046417236328,0.0
-0.0010100014828196002,9.843094825744629,0.0
0.004044574906893361,9.882905960083008,0.0
0.001006949932731649,9.892857551574707,0.0
-0.0010059370045326643,9.882905960083008,0.0
0.001006949932731649,9.892857551574707,0.0
-0.0020120668096411665,9.872952461242676,0.0
-0.0010080616922937269,9.86299991607666,0.0
0.0010090789060834826,9.872952461242676,0.0
-0.0010080616922937269,9.86299991607666,0.0
-0.001009175598197798,9.853046417236328,0.0
-0.0020200997554316036,9.833142280578613,0.0
0.0,9.833142280578613,0.0
0.0,9.833142280578613,0.0
0.0006082943927612217,9.839123725891113,0.0
0.0010131753504798446,9.849092483520508,0.0
0.0020242029017221164,9.86902904510498,0.0
-0.002020113781543764,9.849092483520508,0.0
0.0060728023624641025,9.908904075622559,0.0
0.0010060403807843343,9.918872833251953,0.0
-0.0010050292807439742,9.908904075622559,0.0
0.0010060403807843343,9.918872833251953,0.0
0.0030149916947834754,9.94877815246582,0.0
-0.001001912375803382,9.938810348510742,0.0
0.0,9.938810348510742,0.0
0.004012052662173415,9.97868537902832,0.0
-0.0009990051044544979,9.968716621398926,0.0
-0.002000103894046479,9.94877815246582,0.0
-0.001001912375803382,9.938810348510742,0.0
0.001002917210968901,9.94877815246582,0.0
0.0010020082342396819,9.958746910095215,0.0
-0.002001914675054395,9.938810348510742,0.0
0.0,9.938810348510742,0.0
-0.0010030131655432983,9.928841590881348,0.0
0.0036202550247834697,9.964786529541016,0.0
0.003006076466316454,9.994741439819336,0.0
0.0,9.994741439819336,0.0
-0.003995993987163993,9.954802513122559,0.0
-0.005015152274297274,9.904877662658691,0.0
0.0010081824437606635,9.914863586425781,0.0
0.0,9.914863586425781,0.0
-0.001007167035637413,9.904877662658691,0.0
-0.0010080861604597757,9.894892692565918,0.0
0.0,9.894892692565918,0.0
-0.0030272138905061974,9.864938735961914,0.0
0.0,9.864938735961914,0.0
-0.0010121674710835693,9.85495376586914,0.0
0.0010131929920720317,9.864938735961914,0.0
-0.003036405740139969,9.83498477935791,0.0
0.0,9.83498477935791,0.0
0.001015153215021991,9.844968795776367,0.0
-0.0030425649106022856,9.815014839172363,0.0
0.0010173158427557727,9.824999809265137,0.0
0.0015267525306827956,9.84000015258789,0.0
-0.002032566814382797,9.819999694824219,0.0
-0.0010182561627563036,9.8100004196167,0.0
0.002038685344942781,9.829999923706055,0.0
-0.0010173172898729765,9.819999694824219,0.0
-0.00203660944102646,9.800000190734863,0.0
-0.0010204314986942409,9.789999961853027,0.0
0.004085797958006898,9.829999923706055,0.0
0.006103806722521199,9.890000343322754,0.0
0.009100019796696612,9.979999542236328,0.0
-0.005009943823037766,9.930000305175781,0.0
0.0060422421045758234,9.989999771118164,0.0
-0.005005024212254461,9.9399995803833,0.0
0.006036259773603003,10.0,0.0
-0.0010000228881835715,9.989999771118164,0.0
-0.004004000277224251,9.949999809265137,0.0
0.007035241189990105,10.020000457763672,0.0
0.002993985189686077,10.050000190734863,0.0
0.0,10.050000190734863,0.0
-0.004975143262281545,10.0,0.0
-0.002000045776367143,9.979999542236328,0.0
0.0,9.979999542236328,0.0
0.0,9.979999542236328,0.0
0.0030060809640863884,10.010000228881836,0.0
0.001997952410795145,10.029999732971191,0.0
0.0029910954580474325,10.0600004196167,0.0
0.0009939636968623322,10.069999694824219,0.0
0.0,10.069999694824219,0.0
-0.00496516768379307,10.020000457763672,0.0
0.0,10.020000457763672,0.0
0.0019959584007662734,10.039999961853027,0.0
0.0,10.039999961853027,0.0
-0.002988021223623072,10.010000228881836,0.0
-0.0019980476829525307,9.989999771118164,0.0
0.0,9.989999771118164,0.0
-0.0010010239350302097,9.979999542236328,0.0
0.0020040539760575182,10.0,0.0
0.0,10.0,0.0
0.0010000228881836826,10.010000228881836,0.0
